LOAD_AMOUNT,FULL_NAME,MOBILE,DOB,NAME_ON_CARD,EMAIL
1000,Wiurroiducqfmvtizv,7714189733,1985-08-24,PUNJAB NATIONAL BANK,wvrbjjedtntcrphzedse@example.com
1000,Uvufpqadvqtpsp,7130093626,1954-02-08,PUNJAB NATIONAL BANK,iofm@example.com
1000,Azzbpbixznnmqwgvea,8035316483,1962-09-30,UNION BANK,svszfinbasekqctguadyths@example.com
1000,Qezkhyaupubxiyihpge,7484984682,1951-03-08,PUNJAB NATIONAL BANK,ppz@example.com
1000,Vjawlcxlfjkog,7084309509,1977-10-07,YESBANK,umiotqxhyby@example.com
1000,Tlhhdbsozf,6649677582,1976-02-10,PUNJAB NATIONAL BANK,redgjldo@example.com
1000,Yyvuwjjnqnbgo,9434725744,1992-09-22,UNION BANK,qunetuvqcxqgikvmj@example.com
1000,Nffhtdbggp,6219293150,1966-04-19,PUNJAB NATIONAL BANK,det@example.com
1000,Zk,6284814016,1963-07-31,PUNJAB NATIONAL BANK,xzedo@example.com
1000,Nlgotvzkw,6077408489,1986-03-24,PUNJAB & SIND BANK,dknizuoydqcyrpahtdym@example.com
1000,Nnnblvoqdxjoqfodzitcqn,7196917780,1997-09-29,KOTAK MAHNDRA BANK,zssntzbygxqde@example.com
1000,Ioezbiyriznldcatmiilryh,9693084655,1997-02-13,KOTAK MAHNDRA BANK,vinlxzhcdxsehwpxwnviw@example.com
1000,Mopcviw,8085642144,1953-09-22,UNION BANK,bdbrzstubppywwjj@example.com
1000,Zmsprraoqxxs,9185576492,1978-10-27,UNION BANK,vpydoorzqbwxcbqyvokwxoqy@example.com
1000,Yehiqhgwjweailqovjo,8554074447,1970-08-23,PUNJAB & SIND BANK,rkqtrnju@example.com
1000,Oqawgxgprzai,8792730128,1966-10-16,HDFC,xcfiqcc@example.com
1000,Ihhb,7896775949,1979-03-09,PUNJAB NATIONAL BANK,dspedwkjj@example.com
1000,Cdtrmgfcycz,7760346950,1981-06-22,UNION BANK,pwubfgngr@example.com
1000,Wlbfxpjmetp,9162104275,1991-09-01,UNION BANK,srrfuwimkc@example.com
1000,Vplvfzdpvcunapjtncipkckc,9494907674,1984-05-16,UNION BANK,eamkeozlct@example.com
